EMP_CD,RETAIL_CD,EMP_NAME,EMP_GENDER,EMP_DOB,EMP_ADDRESS
ED_000316,RS_0000009,Abdul_Abdul,M,3/26/1985,Alexandria
ED_000480,RS_0000005,Abraham_Abraham,M,3/5/1989,Krypton
ED_000080,RS_0000016,Adam_Adam,M,11/8/1963,Potlatch
ED_000258,RS_0000014,Adam_Adam,M,9/25/1971,Ohatchee
ED_000955,RS_0000011,Adele_Adele,F,8/29/1980,Porter
ED_000286,RS_0000012,Adeline_Adeline,F,8/13/1988,Niota
ED_000251,RS_0000002,Adolph_Adolph,M,9/20/1964,Durham
ED_000417,RS_0000013,Adrian_Adrian,F,8/6/1958,Glen Spey
ED_000579,RS_0000001,Adrian_Adrian,F,1/16/1985,Hartford
ED_000166,RS_0000008,Adriana_Adriana,F,8/29/1978,Gordon
ED_000028,RS_0000010,Adrienne_Adrienne,F,5/22/1975,Burlingame
ED_000109,RS_0000006,Agnes_Agnes,F,12/12/1975,Sugar City
ED_000583,RS_0000004,Agustin_Agustin,M,11/27/1962,Chattanooga
ED_000213,RS_0000007,Ahmad_Ahmad,M,6/6/1973,North Judson
ED_000776,RS_0000017,Aida_Aida,F,11/29/1991,Lovingston
ED_000021,RS_0000015,Aileen_Aileen,F,5/12/1986,Herman
ED_000268,RS_0000003,Aisha_Aisha,F,10/31/1965,Montezuma
ED_000962,RS_0000014,Alana_Alana,F,6/15/1959,Erie
ED_000059,RS_0000011,Alberta_Alberta,F,5/6/1972,Rochester
ED_000991,RS_0000012,Alberta_Alberta,F,5/2/1981,Levant
ED_000126,RS_0000002,Aldo_Aldo,M,6/11/1973,Linton
ED_000729,RS_0000013,Aldo_Aldo,M,12/14/1982,Chemung
ED_000709,RS_0000001,Alec_Alec,M,3/17/1967,Kings Beach
ED_000134,RS_0000008,Alexandria_Alexandria,F,2/15/1989,Cooksville
ED_000562,RS_0000010,Alexis_Alexis,M,12/25/1979,Fort Worth
ED_000241,RS_0000006,Alfredo_Alfredo,M,4/21/1973,Clover
ED_000535,RS_0000001,Alison_Alison,F,12/8/1971,Monetta
ED_000773,RS_0000008,Allie_Allie,F,7/1/1966,Claremont
ED_000688,RS_0000010,Alphonse_Alphonse,M,7/1/1972,Portland
ED_000468,RS_0000006,Alyssa_Alyssa,F,5/26/1978,Saltville
ED_000424,RS_0000004,Amanda_Amanda,F,5/27/1973,Agua Dulce
ED_000341,RS_0000007,Amber_Amber,F,11/19/1957,Darien
ED_000540,RS_0000017,Amber_Amber,F,5/2/1973,Walpole
ED_000682,RS_0000015,Amparo_Amparo,F,4/10/1972,Oceanside
ED_000715,RS_0000003,Amparo_Amparo,F,11/5/1979,Pierce City
ED_000190,RS_0000017,Anastasia_Anastasia,F,12/23/1992,Garrett Park
ED_000918,RS_0000015,Andrea_Andrea,M,8/23/1978,Marland
ED_000577,RS_0000003,Andres_Andres,M,8/21/1982,Edwards
ED_000188,RS_0000014,Andrew_Andrew,M,6/3/1987,Ohio City
ED_000370,RS_0000011,Angela_Angela,F,1/21/1967,Middletown Springs
ED_000230,RS_0000012,Angelina_Angelina,F,3/14/1975,Hazard
ED_000899,RS_0000002,Angelique_Angelique,F,4/23/1990,Dallas
ED_000450,RS_0000013,Angelita_Angelita,F,6/16/1963,West Bloomfield
ED_000660,RS_0000001,Anita_Anita,F,5/17/1958,Sutherlin
ED_000344,RS_0000008,Annmarie_Annmarie,F,4/6/1986,Smithville
ED_000456,RS_0000010,Annmarie_Annmarie,F,10/16/1980,Bronx
ED_000013,RS_0000006,Antoine_Antoine,M,2/22/1996,Canby
ED_000163,RS_0000001,Antonia_Antonia,F,9/2/1985,Fort Lauderdale
ED_000490,RS_0000002,Antwan_Antwan,M,9/29/1973,San Bernardino
ED_000505,RS_0000013,Arline_Arline,F,12/28/1987,Donovan
ED_000087,RS_0000001,Arnulfo_Arnulfo,M,9/26/1972,Auburn
ED_000771,RS_0000008,Arron_Arron,M,1/1/1978,Cleveland
ED_000023,RS_0000010,Arthur_Arthur,M,9/21/1970,Dodson
ED_000647,RS_0000006,Ashlee_Ashlee,F,1/13/1965,Corpus Christi
ED_000926,RS_0000004,Ashley_Ashley,F,8/24/1978,San Acacia
ED_000116,RS_0000007,Aubrey_Aubrey,M,12/13/1993,Osprey
ED_000676,RS_0000015,Aubrey_Aubrey,M,12/27/1958,Summerville
ED_000867,RS_0000003,Augusta_Augusta,F,12/16/1985,Maryland Heights
ED_000184,RS_0000014,Augustus_Augustus,M,5/25/1992,Napoleon
ED_000481,RS_0000011,Augustus_Augustus,M,11/27/1966,Yakima
ED_000903,RS_0000012,Aurora_Aurora,F,4/29/1965,Santa Fe
ED_000189,RS_0000002,Ava_Ava,F,5/25/1972,Fort Payne
ED_000548,RS_0000013,Ava_Ava,F,10/4/1983,Fairbanks
ED_000961,RS_0000001,Barbara_Barbara,F,7/6/1984,New Orleans
ED_000906,RS_0000008,Barbra_Barbra,F,1/7/1987,Harbinger
ED_000953,RS_0000010,Barbra_Barbra,F,9/5/1991,Roanoke
ED_000786,RS_0000006,Barney_Barney,M,2/1/1974,Dalton
ED_000355,RS_0000001,Barry_Barry,M,12/21/1979,Donaldson
ED_000878,RS_0000002,Bart_Bart,M,6/23/1962,Woodworth
ED_000637,RS_0000013,Barton_Barton,M,6/30/1970,Miami
ED_000687,RS_0000001,Beatrice_Beatrice,F,3/26/1990,Louisville
ED_000029,,Beatriz_Beatriz,F,2/25/1984,Arlee
ED_000674,RS_0000002,Beatriz_Beatriz,F,12/4/1982,Tiger
ED_000628,RS_0000013,Becky_Becky,F,8/18/1972,Bloomington
ED_000465,RS_0000001,Belinda_Belinda,F,10/19/1991,Killduff
ED_000810,RS_0000008,Belinda_Belinda,F,7/7/1976,New Bern
ED_000937,RS_0000010,Benita_Benita,F,11/17/1957,Idlewild
ED_000973,RS_0000006,Benita_Benita,F,12/30/1970,Nardin
ED_000812,RS_0000001,Benito_Benito,M,7/15/1979,Grand View
ED_000034,RS_0000002,Benjamin_Benjamin,M,5/21/1977,Shungnak
ED_000081,RS_0000013,Benjamin_Benjamin,M,5/16/1976,Tribune
ED_000430,RS_0000001,Bennett_Bennett,M,8/8/1982,Winston Salem
ED_000699,RS_0000008,Bennie_Bennie,M,7/23/1958,Luther
ED_000632,RS_0000010,Benny_Benny,M,9/22/1988,Gold Hill
ED_000656,RS_0000006,Benny_Benny,M,4/7/1986,Burke
ED_000891,RS_0000004,Bernadette_Bernadette,F,5/24/1994,Pinellas Park
ED_000487,RS_0000007,Bernadine_Bernadine,F,1/12/1967,Lexington
ED_000585,RS_0000015,Bernard_Bernard,M,11/18/1989,Kiowa
ED_000015,RS_0000003,Bernardo_Bernardo,M,2/2/1975,Knoxville
ED_000146,RS_0000014,Bernardo_Bernardo,M,5/28/1963,Hollywood
ED_000374,RS_0000011,Bernardo_Bernardo,M,10/21/1972,Atlanta
ED_000658,RS_0000012,Bernice_Bernice,F,5/29/1980,Shawnee Mission
ED_000322,RS_0000002,Berta_Berta,F,12/1/1983,Holbrook
ED_000948,RS_0000013,Bertie_Bertie,F,3/2/1994,East Smethport
ED_000657,RS_0000001,Beryl_Beryl,F,2/3/1988,Rockford
ED_000011,RS_0000008,Bethany_Bethany,F,1/10/1986,Montgomery
ED_000845,RS_0000007,Betsy_Betsy,F,4/12/1982,Roswell
ED_000227,RS_0000015,Bette_Bette,F,12/30/1979,Mc Elhattan
ED_000833,RS_0000003,Bettie_Bettie,F,12/24/1979,Peoria
ED_000037,RS_0000014,Beverly_Beverly,F,4/3/1975,Rossville
ED_000057,RS_0000011,Bianca_Bianca,F,3/6/1960,Escatawpa
ED_000198,RS_0000012,Billy_Billy,M,6/10/1983,Rhodelia
ED_000372,RS_0000002,Bob_Bob,M,10/26/1991,North Collins
ED_000409,RS_0000013,Bobbi_Bobbi,F,3/11/1963,Keystone
ED_000266,RS_0000001,Bobbie_Bobbie,F,4/20/1971,Park Valley
ED_000307,RS_0000008,Bobbie_Bobbie,F,1/31/1985,Jamaica
ED_000593,RS_0000003,Bonita_Bonita,F,2/9/1978,Kennett Square
ED_000996,RS_0000017,Bonnie_Bonnie,F,3/8/1985,Mukwonago
ED_000199,RS_0000015,Boyd_Boyd,M,9/6/1987,Mount Hamilton
ED_000834,RS_0000003,Boyd_Boyd,M,1/30/1996,Neely
ED_000112,RS_0000014,Bradley_Bradley,M,6/30/1979,Portland
ED_000915,RS_0000011,Bradley_Bradley,M,2/9/1983,Oak Ridge
ED_000395,RS_0000012,Brandy_Brandy,F,11/21/1976,Watford City
ED_000721,RS_0000002,Brandy_Brandy,F,5/20/1995,Sunnyside
ED_000085,RS_0000013,Brent_Brent,M,9/5/1960,Adamsville
ED_000071,RS_0000001,Brenton_Brenton,M,6/11/1970,Green Camp
ED_000127,RS_0000008,Bret_Bret,M,9/30/1979,Vassar
ED_000120,RS_0000010,Brian_Brian,M,11/30/1978,Orlando
ED_000004,RS_0000006,Briana_Briana,F,11/24/1975,Munster
ED_000173,RS_0000001,Brock_Brock,M,2/27/1968,Gary
ED_000277,RS_0000002,Bruce_Bruce,M,9/2/1974,Detroit
ED_000440,RS_0000013,Bruce_Bruce,M,2/5/1972,Ida
ED_000182,RS_0000001,Bruno_Bruno,M,3/21/1976,Killen
ED_000686,RS_0000008,Bryce_Bryce,M,11/20/1978,Cerro Gordo
ED_000942,RS_0000010,Bryce_Bryce,M,2/13/1958,Las Cruces
ED_000327,RS_0000006,Bryon_Bryon,M,2/23/1985,Platina
ED_000659,RS_0000004,Bud_Bud,M,7/7/1959,Trevorton
ED_000297,RS_0000007,Buford_Buford,M,3/10/1975,Success
ED_000976,RS_0000015,Buford_Buford,M,4/9/1994,Myra
ED_000951,RS_0000003,Caitlin_Caitlin,F,5/11/1961,Hester
ED_000959,RS_0000014,Caleb_Caleb,M,4/19/1972,Eastport
ED_000407,RS_0000011,Callie_Callie,F,12/18/1989,Ocate
ED_000526,RS_0000012,Callie_Callie,F,12/25/1967,New York City
ED_000837,RS_0000002,Camille_Camille,F,3/6/1967,Sun City
ED_000153,RS_0000013,Candy_Candy,F,6/29/1981,Wetumpka
ED_000020,RS_0000001,Carey_Carey,M,5/22/1972,New Baltimore
ED_000086,RS_0000003,Carlene_Carlene,F,11/25/1985,Houston
ED_000518,RS_0000017,Carlene_Carlene,F,7/21/1994,Siasconset
ED_000056,RS_0000015,Carlo_Carlo,M,6/12/1961,Liverpool
ED_000363,RS_0000003,Carly_Carly,F,3/1/1971,Oakland
ED_000044,RS_0000014,Carmela_Carmela,F,3/17/1975,Keystone Heights
ED_000664,RS_0000011,Carmelo_Carmelo,M,9/10/1986,Dallas
ED_000149,RS_0000012,Carolina_Carolina,F,10/30/1994,Sanford
ED_000414,RS_0000002,Carolina_Carolina,F,6/10/1971,Newark
ED_000437,RS_0000013,Carolyn_Carolyn,F,4/29/1960,Eben Junction
ED_000920,RS_0000001,Carolyn_Carolyn,F,2/8/1978,Lugoff
ED_000515,RS_0000008,Carrie_Carrie,F,12/3/1994,Doddridge
ED_000760,RS_0000010,Carrie_Carrie,F,2/20/1995,Oketo
ED_000117,RS_0000006,Carroll_Carroll,M,6/13/1989,Saint Martin
ED_000825,RS_0000001,Catalina_Catalina,F,5/13/1975,Wales
ED_000859,RS_0000002,Cecile_Cecile,F,4/1/1994,Freedom
ED_000736,RS_0000013,Cecilia_Cecilia,F,2/19/1975,Fort Wainwright
ED_000846,RS_0000001,Celeste_Celeste,F,11/30/1981,Andover
ED_000791,RS_0000008,Celia_Celia,F,3/13/1995,Apple Grove
ED_000555,RS_0000010,Celina_Celina,F,8/25/1977,Wetmore
ED_000305,RS_0000006,Chadwick_Chadwick,M,2/17/1966,Lattimer Mines
ED_000919,RS_0000004,Charley_Charley,M,8/3/1959,Minneapolis
ED_000684,RS_0000007,Charmaine_Charmaine,F,7/8/1984,Choudrant
ED_000978,RS_0000015,Cheryl_Cheryl,F,8/20/1985,Monroe
ED_000873,RS_0000003,Christa_Christa,F,10/25/1974,Bruce
ED_000210,RS_0000014,Christian_Christian,M,8/7/1959,Sand Lake
ED_000483,RS_0000011,Christian_Christian,M,7/21/1980,Canton
ED_000161,RS_0000012,Christoper_Christoper,M,1/9/1979,Speaks
ED_000502,RS_0000002,Christopher_Christopher,M,7/24/1989,Belvidere
ED_000324,RS_0000013,Chrystal_Chrystal,F,2/25/1984,Norristown
ED_000458,RS_0000001,Chrystal_Chrystal,F,11/20/1966,Wellesley Island
ED_000896,RS_0000008,Clair_Clair,M,7/7/1958,Loon Lake
ED_000692,RS_0000010,Clara_Clara,F,11/15/1985,Minneapolis
ED_000063,RS_0000006,Clarence_Clarence,M,5/7/1982,Macon
ED_000220,RS_0000001,Clarissa_Clarissa,F,6/26/1993,Melbourne
ED_000118,RS_0000002,Claudette_Claudette,F,12/20/1984,Omaha
ED_000349,RS_0000013,Claudette_Claudette,F,2/17/1984,Albany
ED_000222,RS_0000001,Claudine_Claudine,F,5/24/1978,Farrandsville
ED_000732,RS_0000008,Claudine_Claudine,F,7/2/1985,Nottawa
ED_000824,RS_0000010,Clay_Clay,M,9/8/1973,Edgerton
ED_000816,RS_0000006,Clement_Clement,M,11/26/1958,Marmora
ED_000957,RS_0000004,Clement_Clement,M,8/13/1971,Billings
ED_000770,RS_0000007,Cleveland_Cleveland,M,4/22/1993,Spring Hill
ED_000681,RS_0000015,Clifton_Clifton,M,7/6/1992,Washington
ED_000727,RS_0000003,Clifton_Clifton,M,2/23/1967,New York City
ED_000047,RS_0000014,Clint_Clint,M,3/5/1994,Blue Island
ED_000818,RS_0000011,Clint_Clint,M,4/20/1969,Northport
ED_000475,RS_0000012,Clinton_Clinton,M,8/19/1982,Ortonville
ED_000856,RS_0000002,Cody_Cody,M,2/21/1976,Bloomfield Hills
ED_000995,RS_0000013,Cody_Cody,M,12/23/1988,Pasadena
ED_000532,RS_0000001,Colby_Colby,M,8/8/1973,Midland
ED_000016,RS_0000006,Cole_Cole,M,10/2/1990,Oklahoma City
ED_000850,RS_0000004,Cole_Cole,M,6/17/1959,Harrisburg
ED_000356,RS_0000007,Coleen_Coleen,F,11/16/1995,Holmes
ED_000123,RS_0000015,Colin_Colin,M,3/14/1976,Conroe
ED_000364,RS_0000003,Colleen_Colleen,F,7/4/1982,Jacksonville
ED_000830,RS_0000014,Colleen_Colleen,F,2/13/1994,Pingree
ED_000306,RS_0000011,Connie_Connie,F,10/8/1973,Casselberry
ED_000728,RS_0000012,Consuelo_Consuelo,F,9/29/1960,Fortville
ED_000455,RS_0000002,Cora_Cora,F,12/24/1963,Colorado Springs
ED_000514,RS_0000013,Corey_Corey,M,7/23/1971,Syracuse
ED_000835,RS_0000001,Corey_Corey,M,6/19/1969,Patriot
ED_000066,RS_0000003,Cornelius_Cornelius,M,2/6/1970,High Point
ED_000100,RS_0000017,Cornell_Cornell,M,5/27/1960,Woodhaven
ED_000587,RS_0000015,Courtney_Courtney,M,3/7/1993,Elliston
ED_000253,RS_0000003,Craig_Craig,M,6/16/1982,Sand Creek
ED_000554,RS_0000014,Craig_Craig,M,9/26/1964,Rockford
ED_000713,RS_0000011,Cristina_Cristina,F,7/10/1993,Virginia Beach
ED_000070,RS_0000012,Curt_Curt,M,10/22/1978,Monticello
ED_000662,RS_0000002,Curtis_Curtis,M,4/28/1978,Kingsford Heights
ED_000870,RS_0000013,Curtis_Curtis,M,7/21/1974,Houston
ED_000764,RS_0000001,Cyrus_Cyrus,M,5/13/1992,Charles City
ED_000605,RS_0000008,Daisy_Daisy,F,10/30/1987,Lutz
ED_000893,RS_0000010,Damian_Damian,M,4/26/1962,Rochester
ED_000069,RS_0000006,Damien_Damien,M,7/15/1965,Five Forks
ED_000743,RS_0000001,Damien_Damien,M,6/6/1976,Gideon
ED_000131,RS_0000002,Damon_Damon,M,7/31/1964,Stacy
ED_000263,RS_0000013,Damon_Damon,M,11/28/1978,Onego
ED_000643,RS_0000001,Dan_Dan,M,4/22/1966,Benoit
ED_000476,RS_0000008,Dana_Dana,F,5/11/1958,Sand Point
ED_000094,RS_0000010,Danial_Danial,M,8/15/1959,Joyce
ED_000936,RS_0000006,Danial_Danial,M,7/26/1986,Macungie
ED_000405,RS_0000004,Danny_Danny,M,9/27/1963,Bluffton
ED_000794,RS_0000007,Danny_Danny,M,4/27/1972,Warminster
ED_000229,RS_0000015,Dante_Dante,M,7/15/1985,Hannah
ED_000379,RS_0000009,Darin_Darin,M,10/27/1992,Avon
ED_000176,RS_0000005,Dario_Dario,M,10/5/1962,Torrance
ED_000858,RS_0000016,Darla_Darla,F,6/26/1987,Flushing
ED_000445,RS_0000014,Darnell_Darnell,M,9/13/1969,New York City
ED_000460,RS_0000011,Darnell_Darnell,M,4/17/1982,Somers
ED_000691,RS_0000012,David_David,M,6/27/1968,Pickerington
ED_000815,RS_0000002,David_David,M,2/19/1995,Wells
ED_000848,RS_0000013,Deana_Deana,F,7/30/1976,Carlsbad
ED_000559,RS_0000001,Deandre_Deandre,M,6/13/1966,South Waterford
ED_000907,RS_0000008,Deann_Deann,F,12/4/1959,Craley
ED_000488,RS_0000010,Deanna_Deanna,F,8/9/1972,Milwaukee
ED_000866,RS_0000006,Deanna_Deanna,F,12/18/1962,Saginaw
ED_000195,RS_0000004,Deanne_Deanne,F,3/1/1974,Clarinda
ED_000284,RS_0000007,Debbie_Debbie,F,4/13/1963,Littleton
ED_000789,RS_0000017,Debora_Debora,F,1/10/1994,Cross Fork
ED_000169,RS_0000015,Debra_Debra,F,11/25/1990,Kossuth
ED_000533,RS_0000003,Dee_Dee,F,9/21/1963,Denham
ED_000563,RS_0000014,Deidre_Deidre,F,5/28/1986,Sykesville
ED_000730,RS_0000011,Deidre_Deidre,F,4/28/1985,Napoleon
ED_000246,RS_0000012,Deirdre_Deirdre,F,11/4/1971,Indianapolis
ED_000738,RS_0000002,Delbert_Delbert,M,11/27/1976,Palm Desert
ED_000216,RS_0000013,Demetrius_Demetrius,M,12/14/1992,Chantilly
ED_000228,RS_0000001,Dena_Dena,F,5/26/1975,Otter
ED_000795,RS_0000008,Dena_Dena,F,12/30/1968,Cincinnati
ED_000750,RS_0000010,Denise_Denise,F,6/5/1992,Springfield
ED_000604,RS_0000006,Denver_Denver,M,3/26/1969,Merrill
ED_000842,RS_0000001,Denver_Denver,M,8/7/1958,Shortt Gap
ED_000911,RS_0000008,Deon_Deon,M,9/19/1965,Anton
ED_000278,RS_0000010,Derick_Derick,M,7/2/1975,Mc Veytown
ED_000864,RS_0000006,Derick_Derick,M,12/31/1985,Cincinnati
ED_000291,RS_0000004,Derrick_Derrick,M,4/16/1965,Ossian
ED_000027,RS_0000007,Desmond_Desmond,M,9/7/1992,Fresno
ED_000453,RS_0000017,Dewayne_Dewayne,M,12/11/1958,Kansas City
ED_000805,RS_0000015,Diego_Diego,M,10/7/1961,Catawba
ED_000947,RS_0000003,Dillon_Dillon,M,6/18/1973,Santa Cruz
ED_000209,RS_0000017,Dina_Dina,F,8/26/1990,Monticello
ED_000065,RS_0000015,Dion_Dion,M,6/4/1995,Plainfield
ED_000271,RS_0000003,Domingo_Domingo,M,7/11/1988,Littlefield
ED_000419,RS_0000014,Domingo_Domingo,M,1/21/1985,Milwaukee
ED_000097,RS_0000011,Dominic_Dominic,M,8/4/1979,Sumner
ED_000128,RS_0000012,Dominic_Dominic,M,7/19/1996,Vancouver
ED_000234,RS_0000002,Dominick_Dominick,M,8/19/1979,Spring Green
ED_000479,RS_0000013,Dominique_Dominique,M,8/1/1991,Lynndyl
ED_000690,RS_0000001,Dona_Dona,F,9/10/1976,Shanks
ED_000137,RS_0000008,Donovan_Donovan,M,3/3/1987,Monroe
ED_000667,RS_0000010,Donovan_Donovan,M,11/22/1977,Jackson
ED_000827,RS_0000006,Donovan_Donovan,M,10/16/1988,South Dartmouth
ED_000092,RS_0000001,Dorian_Dorian,M,7/24/1960,Canebrake
ED_000101,RS_0000002,Doris_Doris,F,1/14/1976,Blaine
ED_000952,RS_0000013,Doris_Doris,F,3/1/1959,Sumner
ED_000197,RS_0000001,Doug_Doug,M,8/12/1991,Doe Hill
ED_000968,RS_0000008,Duane_Duane,M,12/12/1979,Washington
ED_000207,RS_0000010,Dudley_Dudley,M,11/16/1977,Keokee
ED_000238,RS_0000006,Dudley_Dudley,M,2/4/1991,Essex Fells
ED_000960,RS_0000004,Dudley_Dudley,M,8/9/1966,Rockford
ED_000078,RS_0000007,Duncan_Duncan,M,2/17/1964,West Palm Beach
ED_000894,RS_0000015,Dusty_Dusty,M,4/6/1967,Paterson
ED_000938,RS_0000003,Dwayne_Dwayne,M,4/1/1976,Waurika
ED_000492,RS_0000014,Dylan_Dylan,M,1/7/1963,Washington Navy Yard
ED_000218,RS_0000011,Earl_Earl,M,1/14/1973,Niagara Falls
ED_000519,RS_0000012,Earline_Earline,F,7/19/1975,Lykens
ED_000145,RS_0000002,Earnest_Earnest,M,1/3/1965,Masardis
ED_000265,RS_0000013,Ebony_Ebony,F,7/24/1964,Otego
ED_000749,RS_0000001,Eddie_Eddie,M,8/4/1985,Four Oaks
ED_000377,RS_0000008,Edmund_Edmund,M,8/7/1959,Hillsboro
ED_000796,RS_0000010,Edmund_Edmund,M,11/11/1965,Pittsburg
ED_000452,RS_0000006,Edna_Edna,F,8/1/1960,Washington
ED_000601,RS_0000001,Edna_Edna,F,9/20/1960,Calimesa
ED_000629,RS_0000002,Edna_Edna,F,4/29/1958,Allen Park
ED_000498,RS_0000013,Eduardo_Eduardo,M,3/30/1970,Pelican Lake
ED_000680,RS_0000001,Edwardo_Edwardo,M,5/7/1988,East Homer
ED_000373,,Edwin_Edwin,M,2/27/1992,Crivitz
ED_000767,RS_0000002,Edwin_Edwin,M,5/8/1994,Austin
ED_000565,RS_0000013,Effie_Effie,F,11/25/1962,Chicora
ED_000716,RS_0000001,Efrain_Efrain,M,6/17/1958,Saint Louis
ED_000122,RS_0000008,Eileen_Eileen,F,10/5/1964,Oshkosh
ED_000058,RS_0000010,Elias_Elias,M,7/13/1990,Oaks
ED_000311,RS_0000006,Elias_Elias,M,3/18/1996,Mayking
ED_000772,RS_0000001,Elijah_Elijah,M,1/1/1987,Grand Lake Stream
ED_000887,RS_0000002,Elijah_Elijah,M,4/26/1994,Waco
ED_000003,RS_0000013,Elisabeth_Elisabeth,F,11/26/1994,Lexington
ED_000784,RS_0000001,Elise_Elise,F,2/24/1967,Bern
ED_000965,RS_0000008,Elise_Elise,F,12/26/1977,Scranton
ED_000639,RS_0000010,Eliseo_Eliseo,M,12/8/1982,Wind Gap
ED_000780,RS_0000006,Eliseo_Eliseo,M,2/28/1985,Duluth
ED_000588,RS_0000004,Eliza_Eliza,F,2/15/1987,Worcester
ED_000550,RS_0000007,Elizabeth_Elizabeth,F,4/7/1995,Dabneys
ED_000290,RS_0000015,Ella_Ella,F,2/18/1992,Norvelt
ED_000626,RS_0000003,Ellen_Ellen,F,1/3/1969,Hurt
ED_000527,RS_0000014,Elliott_Elliott,M,1/29/1966,Atlanta
ED_000104,RS_0000011,Elton_Elton,M,11/30/1982,Lombard
ED_000360,RS_0000012,Elvira_Elvira,F,7/2/1990,Louisville
ED_000977,RS_0000002,Emanuel_Emanuel,M,5/6/1962,Yazoo City
ED_000113,RS_0000013,Emile_Emile,M,10/19/1980,Mears
ED_000154,RS_0000001,Emma_Emma,F,9/15/1966,Briggsville
ED_000235,RS_0000008,Emory_Emory,M,4/5/1967,Milford
ED_000343,RS_0000007,Enid_Enid,F,7/28/1972,Brick
ED_000435,RS_0000015,Enrique_Enrique,M,12/14/1965,Binger
ED_000351,RS_0000003,Eric_Eric,M,10/17/1965,Lafayette
ED_000929,RS_0000014,Erich_Erich,M,3/4/1962,Seth
ED_000964,RS_0000011,Erich_Erich,M,3/31/1996,Morrison
ED_000612,RS_0000012,Erika_Erika,F,4/26/1975,Walkersville
ED_000060,RS_0000002,Erin_Erin,M,8/8/1994,Farmington
ED_000755,RS_0000013,Erin_Erin,F,5/18/1974,Dushore
ED_000868,RS_0000001,Erna_Erna,F,7/9/1976,Talladega
ED_000723,RS_0000008,Ernestine_Ernestine,F,3/13/1970,Wayside
ED_000885,RS_0000003,Ernesto_Ernesto,M,11/27/1965,Hume
ED_000897,RS_0000017,Ernesto_Ernesto,M,3/2/1993,Garner
ED_000433,RS_0000015,Ernie_Ernie,M,11/28/1983,Durham
ED_000436,RS_0000003,Ernie_Ernie,M,8/8/1960,Higgins
ED_000152,RS_0000014,Esmeralda_Esmeralda,F,12/19/1990,Shullsburg
ED_000073,RS_0000011,Esperanza_Esperanza,F,10/12/1960,Lexington
ED_000606,RS_0000012,Esperanza_Esperanza,F,2/26/1970,Ruffin
ED_000882,RS_0000002,Essie_Essie,F,3/13/1993,Harrisburg
ED_000761,RS_0000013,Esteban_Esteban,M,7/23/1978,Fresno
ED_000005,RS_0000001,Estella_Estella,F,3/13/1995,Fairbanks
ED_000177,RS_0000008,Ester_Ester,F,12/3/1978,Arendtsville
ED_000447,RS_0000010,Eula_Eula,F,6/5/1963,Slemp
ED_000702,RS_0000006,Eula_Eula,F,3/28/1971,Holstein
ED_000998,RS_0000001,Eva_Eva,F,9/26/1957,Turlock
ED_000394,RS_0000002,Evangeline_Evangeline,F,6/9/1959,Cedar City
ED_000865,RS_0000013,Fay_Fay,F,4/4/1989,Tioga
ED_000557,RS_0000001,Faye_Faye,F,2/7/1985,Marion
ED_000698,RS_0000008,Faye_Faye,F,11/25/1982,Rome City
ED_000273,RS_0000010,Federico_Federico,M,11/16/1974,Hart
ED_000648,RS_0000006,Felecia_Felecia,F,11/21/1962,Woodland
ED_000503,RS_0000004,Felicia_Felicia,F,4/2/1973,Lee Mont
ED_000615,RS_0000007,Felipe_Felipe,M,2/15/1962,Chetopa
ED_000673,RS_0000015,Felix_Felix,M,12/8/1978,Bejou
ED_000744,RS_0000003,Fern_Fern,F,10/15/1973,New Meadows
ED_000766,RS_0000014,Fletcher_Fletcher,M,5/24/1995,Wilmer
ED_000551,RS_0000011,Flora_Flora,F,8/20/1957,Aurora
ED_000312,RS_0000012,Flossie_Flossie,F,11/18/1969,Nezperce
ED_000260,RS_0000002,Floyd_Floyd,M,8/29/1983,Farwell
ED_000471,RS_0000013,Forest_Forest,M,8/29/1963,Fargo
ED_000075,RS_0000001,Forrest_Forrest,M,3/25/1978,Lee
ED_000239,RS_0000003,Frances_Frances,F,7/9/1965,Merritt
ED_000529,RS_0000017,Frances_Frances,M,11/20/1966,Little Ferry
ED_000636,RS_0000015,Frank_Frank,M,2/15/1975,Burbank
ED_000249,RS_0000003,Frankie_Frankie,M,11/19/1960,Red Oak
ED_000898,RS_0000014,Frankie_Frankie,F,10/24/1958,Denver
ED_000320,RS_0000011,Fred_Fred,M,12/23/1970,North Palm Springs
ED_000383,RS_0000012,Fred_Fred,M,12/17/1979,Pleasant Grove
ED_000564,RS_0000002,Fred_Fred,M,1/7/1970,San Antonio
ED_000061,RS_0000013,Frederic_Frederic,M,10/15/1969,Seligman
ED_000462,RS_0000001,Frederick_Frederick,M,12/22/1962,Tisch Mills
ED_000788,RS_0000008,Frederick_Frederick,M,9/8/1987,Edwardsville
ED_000485,RS_0000010,Frieda_Frieda,F,8/23/1957,Allentown
ED_000778,RS_0000006,Fritz_Fritz,M,12/3/1977,Charleston
ED_000397,RS_0000001,Gale_Gale,M,2/12/1964,Killdeer
ED_000454,RS_0000002,Gale_Gale,M,5/25/1961,Easton
ED_000183,RS_0000013,Garland_Garland,M,1/14/1962,Kopperl
ED_000560,RS_0000001,Garland_Garland,M,2/15/1971,Kingston
ED_000139,RS_0000008,Garth_Garth,M,11/11/1969,Phyllis
ED_000536,RS_0000010,Gena_Gena,F,5/5/1989,Alix
ED_000558,RS_0000006,Gena_Gena,F,2/17/1973,Garden City
ED_000889,RS_0000004,Genaro_Genaro,M,8/17/1979,Dyer
ED_000597,RS_0000007,Genevieve_Genevieve,F,7/11/1957,Ora
ED_000708,RS_0000015,Genevieve_Genevieve,F,4/3/1967,Greenfield
ED_000985,RS_0000003,George_George,M,1/13/1961,Vardaman
ED_000528,RS_0000014,Georgina_Georgina,F,9/11/1991,Uniontown
ED_000054,RS_0000011,German_German,M,7/21/1958,Lakeview
ED_000064,RS_0000012,German_German,M,7/29/1991,Matthews
ED_000982,RS_0000002,Gilbert_Gilbert,M,1/10/1968,North Star
ED_000734,RS_0000013,Gilda_Gilda,F,11/17/1971,Indianapolis
ED_000980,RS_0000001,Ginger_Ginger,F,5/23/1978,Valmora
ED_000382,RS_0000008,Gino_Gino,M,8/10/1975,Coosawatchie
ED_000472,RS_0000010,Gino_Gino,M,11/20/1965,Earlysville
ED_000672,RS_0000006,Grace_Grace,F,1/25/1979,Radisson
ED_000571,RS_0000001,Gracie_Gracie,F,11/29/1967,Millers Creek
ED_000811,RS_0000002,Gracie_Gracie,F,8/20/1988,Green Bay
ED_000921,RS_0000013,Gracie_Gracie,F,10/24/1974,Essex Fells
ED_000701,RS_0000001,Grady_Grady,M,10/6/1969,South Carrollton
ED_000986,RS_0000008,Graham_Graham,M,5/18/1985,Stockdale
ED_000107,RS_0000010,Greg_Greg,M,4/13/1964,Turners Station
ED_000194,RS_0000006,Gregg_Gregg,M,5/15/1959,Dartmouth
ED_000943,RS_0000004,Guadalupe_Guadalupe,M,2/27/1981,Talmage
ED_000287,RS_0000007,Guy_Guy,M,9/18/1960,Castle Rock
ED_000801,RS_0000015,Guy_Guy,M,6/28/1994,Charlotte
ED_000294,RS_0000003,Gwen_Gwen,F,1/13/1995,Marathon
ED_000543,RS_0000014,Haley_Haley,F,3/13/1972,Eagar
ED_000165,RS_0000011,Hallie_Hallie,F,6/30/1979,Se Ree
ED_000949,RS_0000012,Hannah_Hannah,F,4/10/1993,Baltimore
ED_000693,RS_0000002,Harlan_Harlan,M,10/29/1975,Salinas
ED_000759,RS_0000013,Harley_Harley,M,2/23/1967,Antigo
ED_000491,RS_0000001,Harrison_Harrison,M,4/13/1975,Kansas City
ED_000963,RS_0000006,Hazel_Hazel,F,3/8/1962,Thornton
ED_000444,RS_0000004,Hector_Hector,M,9/10/1988,Easton
ED_000608,RS_0000007,Helene_Helene,F,3/28/1989,Hunter
ED_000860,RS_0000015,Helene_Helene,F,6/25/1967,Manhattan
ED_000330,RS_0000003,Herminia_Herminia,F,2/24/1961,Reidsville
ED_000797,RS_0000014,Hershel_Hershel,M,8/3/1964,Yeagertown
ED_000366,RS_0000011,Hilario_Hilario,M,6/6/1978,Ridge
ED_000649,RS_0000012,Horace_Horace,M,11/11/1958,Jim Falls
ED_000679,RS_0000002,Houston_Houston,M,5/19/1981,Teterboro
ED_000442,RS_0000013,Howard_Howard,M,2/25/1983,Elmer
ED_000421,RS_0000001,Hubert_Hubert,M,3/22/1980,Rush
ED_000707,RS_0000003,Hung_Hung,M,12/13/1976,Sanford
ED_000954,RS_0000017,Hung_Hung,M,6/8/1965,Beaver
ED_000171,RS_0000015,Ian_Ian,M,9/25/1965,Huntsville
ED_000970,RS_0000003,Ilene_Ilene,F,6/3/1986,Scandia
ED_000378,RS_0000014,Imogene_Imogene,F,3/6/1985,Hayesville
ED_000934,RS_0000011,Ina_Ina,F,6/22/1993,Rockdale
ED_000808,RS_0000012,Ines_Ines,F,1/20/1975,West Palm Beach
ED_000317,RS_0000002,Inez_Inez,F,12/5/1985,Sierra Madre
ED_000989,RS_0000013,Irvin_Irvin,M,1/25/1993,Dierks
ED_000141,RS_0000001,Irwin_Irwin,M,5/20/1975,Traverse City
ED_000524,RS_0000008,Isaac_Isaac,M,7/14/1964,Lynbrook
ED_000032,RS_0000010,Isabel_Isabel,F,9/12/1971,Tupelo
ED_000159,RS_0000006,Isiah_Isiah,M,8/19/1965,Heber City
ED_000741,RS_0000001,Isiah_Isiah,M,2/28/1971,Crompond
ED_000886,RS_0000002,Ismael_Ismael,M,10/4/1975,Mont Vernon
ED_000912,RS_0000013,Israel_Israel,M,5/10/1972,Willard
ED_000400,RS_0000001,Jackson_Jackson,M,3/14/1983,Jackson
ED_000944,RS_0000008,Jacob_Jacob,M,4/10/1970,East Kingston
ED_000391,RS_0000010,Jaime_Jaime,M,7/3/1967,Verona
ED_000340,RS_0000006,Jamar_Jamar,M,11/5/1982,Wilmington
ED_000412,RS_0000004,Jamar_Jamar,M,6/13/1965,Texola
ED_000553,RS_0000007,James_James,F,4/1/1996,Wilder
ED_000181,RS_0000015,Jami_Jami,F,3/30/1986,Country Club Hills
ED_000267,RS_0000009,Jami_Jami,F,7/23/1992,Max
ED_000814,RS_0000005,Jami_Jami,F,11/21/1960,Glenhayes
ED_000167,RS_0000016,Jana_Jana,F,4/1/1968,Athens
ED_000160,RS_0000014,Janelle_Janelle,F,5/27/1962,Falls Church
ED_000446,RS_0000011,Janelle_Janelle,F,2/23/1971,Atqasuk
ED_000607,RS_0000012,Janice_Janice,F,5/25/1958,Bladensburg
ED_000225,RS_0000002,Janie_Janie,F,4/19/1958,Venango
ED_000774,RS_0000013,Janie_Janie,F,12/5/1970,Enid
ED_000214,RS_0000001,Janna_Janna,F,11/21/1987,Madison
ED_000611,RS_0000008,Janna_Janna,F,9/29/1981,Durham
ED_000180,RS_0000010,Jared_Jared,M,3/26/1996,Dewittville
ED_000473,RS_0000006,Jarred_Jarred,M,1/5/1968,Natural Bridge
ED_000009,RS_0000004,Jasmine_Jasmine,F,8/31/1961,Ocoee
ED_000172,RS_0000007,Jasper_Jasper,M,9/18/1981,Greeley
ED_000205,RS_0000017,Jay_Jay,M,5/1/1964,Oxford
ED_000099,RS_0000015,Jayne_Jayne,F,8/18/1980,Norfolk
ED_000685,RS_0000003,Jayne_Jayne,F,9/1/1960,Salineville
ED_000905,RS_0000014,Jean_Jean,F,4/5/1987,Chiloquin
ED_000945,RS_0000011,Jeanette_Jeanette,F,3/9/1963,De Mossville
ED_000742,RS_0000012,Jeanine_Jeanine,F,8/14/1967,Greensboro
ED_000333,RS_0000002,Jeannine_Jeannine,F,9/4/1978,Bingham
ED_000946,RS_0000013,Jefferson_Jefferson,M,7/17/1996,Mekinock
ED_000090,RS_0000001,Jeremiah_Jeremiah,M,7/16/1988,Shauck
ED_000237,RS_0000008,Jeremy_Jeremy,M,11/9/1972,Big Spring
ED_000030,RS_0000010,Jermaine_Jermaine,M,1/18/1990,Welaka
ED_000103,RS_0000006,Jerome_Jerome,M,11/12/1988,Cobalt
ED_000914,RS_0000001,Jerri_Jerri,F,3/5/1963,Portland
ED_000561,RS_0000008,Jerrod_Jerrod,M,7/20/1992,Columbus
ED_000922,RS_0000010,Jerrold_Jerrold,M,1/11/1991,Naples
ED_000623,RS_0000006,Jerry_Jerry,F,7/28/1985,Knoxville
ED_000158,RS_0000004,Jessie_Jessie,M,9/20/1981,Clearwater
ED_000556,RS_0000007,Jimmie_Jimmie,F,2/23/1995,Toppenish
ED_000186,RS_0000017,Jimmy_Jimmy,M,8/5/1966,Biloxi
ED_000839,RS_0000015,Joan_Joan,M,1/28/1982,Columbia
ED_000242,RS_0000003,Joanna_Joanna,F,10/8/1959,Audubon
ED_000539,RS_0000017,Joanna_Joanna,F,5/25/1987,Adrian
ED_000763,RS_0000015,Joanna_Joanna,F,9/11/1963,Cullman
ED_000326,RS_0000003,Joanne_Joanne,F,12/19/1964,Cincinnati
ED_000203,RS_0000014,Joaquin_Joaquin,M,8/24/1961,Barren Springs
ED_000299,RS_0000011,Jocelyn_Jocelyn,F,4/2/1969,Merritt Island
ED_000337,RS_0000012,Jodie_Jodie,F,10/16/1995,Miston
ED_000589,RS_0000002,Jody_Jody,M,11/22/1959,Rineyville
ED_000426,RS_0000013,Johnie_Johnie,M,7/6/1991,Stanardsville
ED_000144,RS_0000001,Johnny_Johnny,M,2/11/1962,Irwinville
ED_000950,RS_0000008,Jon_Jon,M,3/22/1973,Appleton
ED_000972,RS_0000010,Jonas_Jonas,M,7/13/1995,Hatfield
ED_000084,RS_0000006,Jonathon_Jonathon,M,9/30/1967,Silver Spring
ED_000720,RS_0000001,Jorge_Jorge,M,6/14/1983,Wilmar
ED_000025,RS_0000002,Josef_Josef,M,8/14/1976,Sacramento
ED_000625,RS_0000013,Josef_Josef,M,12/16/1973,Creola
ED_000489,RS_0000001,Joseph_Joseph,M,3/10/1979,Camden
ED_000389,RS_0000008,Josephine_Josephine,F,12/29/1972,Reynoldsburg
ED_000752,RS_0000010,Josh_Josh,M,7/28/1991,Whalan
ED_000923,RS_0000006,Joshua_Joshua,M,9/17/1960,Mobile
ED_000807,RS_0000004,Josue_Josue,M,3/31/1986,Coralville
ED_000385,RS_0000007,Joyce_Joyce,F,2/21/1980,Murray
ED_000196,RS_0000015,Juanita_Juanita,F,10/16/1974,Seward
ED_000108,RS_0000003,Julian_Julian,M,4/15/1958,Lisbon Center
ED_000386,RS_0000014,Juliana_Juliana,F,7/4/1993,Saint Louis
ED_000940,RS_0000011,Juliana_Juliana,F,12/15/1979,Milwaukee
ED_000566,RS_0000012,Juliette_Juliette,F,2/9/1964,Chancellor
ED_000724,RS_0000002,Julius_Julius,M,2/12/1986,Meigs
ED_000507,RS_0000013,Kareem_Kareem,M,7/23/1982,Niagara Falls
ED_000661,RS_0000001,Kareem_Kareem,M,1/22/1974,Washington
ED_000129,RS_0000008,Karina_Karina,F,10/30/1957,Centerville
ED_000820,RS_0000010,Karina_Karina,F,3/10/1967,Osborn
ED_000547,RS_0000006,Karla_Karla,F,6/16/1966,Bozeman
ED_000048,RS_0000001,Karyn_Karyn,F,5/22/1983,Ardenvoir
ED_000162,RS_0000002,Kathie_Kathie,F,11/22/1986,Santa Teresa
ED_000303,RS_0000013,Kathleen_Kathleen,F,5/3/1979,Somerset
ED_000545,RS_0000001,Kathrine_Kathrine,F,7/30/1992,Port Bolivar
ED_000642,,Kathryn_Kathryn,F,7/25/1984,West Chesterfield
ED_000895,RS_0000002,Katina_Katina,F,9/13/1987,Arlington
ED_000745,RS_0000013,Katy_Katy,F,9/8/1972,Westby
ED_000782,RS_0000001,Kay_Kay,F,8/14/1967,Sahuarita
ED_000428,RS_0000008,Kelly_Kelly,F,12/3/1972,Penwell
ED_000793,RS_0000010,Kelsey_Kelsey,F,9/10/1985,New York City
ED_000217,RS_0000006,Ken_Ken,M,2/14/1995,Jefferson City
ED_000052,RS_0000001,Kendra_Kendra,F,10/22/1963,Beaman
ED_000215,RS_0000002,Kendrick_Kendrick,M,10/8/1962,Nashua
ED_000840,RS_0000013,Kennith_Kennith,M,9/12/1971,Appomattox
ED_000646,RS_0000001,Kent_Kent,M,5/11/1974,Nitro
ED_000170,RS_0000008,Kenton_Kenton,M,1/19/1993,Highland Park
ED_000619,RS_0000010,Kenya_Kenya,F,1/3/1980,House Springs
ED_000026,RS_0000006,Keri_Keri,F,3/8/1960,Friendship
ED_000695,RS_0000004,Keri_Keri,F,6/16/1985,Hamshire
ED_000992,RS_0000007,Kerri_Kerri,F,10/11/1982,College Station
ED_000233,RS_0000015,Kerry_Kerry,F,4/5/1989,Oklahoma City
ED_000361,RS_0000003,Keven_Keven,M,11/2/1989,Philadelphia
ED_000439,RS_0000014,Keven_Keven,M,12/7/1972,Atkins
ED_000542,RS_0000011,Kim_Kim,F,2/18/1970,Baxter
ED_000449,RS_0000012,Kimberley_Kimberley,F,1/10/1989,Excelsior Springs
ED_000336,RS_0000002,Kimberly_Kimberly,F,12/31/1958,Carter
ED_000403,RS_0000013,Kimberly_Kimberly,F,7/10/1976,Kenesaw
ED_000875,RS_0000001,Kimberly_Kimberly,F,6/10/1991,Farlington
ED_000192,RS_0000008,Kirsten_Kirsten,F,10/16/1968,Saint Louis
ED_000617,RS_0000007,Kirsten_Kirsten,F,5/4/1961,Joyce
ED_000520,RS_0000015,Kitty_Kitty,F,2/11/1958,Portland
ED_000645,RS_0000003,Kitty_Kitty,F,12/25/1970,Flagstaff
ED_000274,RS_0000014,Kory_Kory,M,1/18/1974,Buies Creek
ED_000422,RS_0000011,Kory_Kory,M,8/29/1987,Leeds
ED_000201,RS_0000012,Kris_Kris,M,5/23/1962,Ballouville
ED_000410,RS_0000002,Kris_Kris,F,2/24/1966,Leeton
ED_000441,RS_0000013,Kristen_Kristen,F,6/7/1989,Smyrna
ED_000935,RS_0000001,Kristi_Kristi,F,3/26/1972,Swan Lake
ED_000138,RS_0000008,Kristina_Kristina,F,8/29/1978,Merced
ED_000247,RS_0000003,Kristina_Kristina,F,6/26/1981,Moorpark
ED_000924,RS_0000017,Kristy_Kristy,F,12/15/1989,Nome
ED_000802,RS_0000015,Kurt_Kurt,M,6/20/1970,Ellendale
ED_000298,RS_0000003,Kyle_Kyle,M,11/20/1974,Tebbetts
ED_000418,RS_0000014,Kyle_Kyle,M,9/2/1993,Pine
ED_000669,RS_0000011,Lacy_Lacy,F,12/2/1961,Jackson
ED_000722,RS_0000012,Lakeisha_Lakeisha,F,12/30/1967,Vanderbilt Beach
ED_000006,RS_0000002,Lamont_Lamont,M,10/13/1991,Purcellville
ED_000598,RS_0000013,Lamont_Lamont,M,9/4/1968,Cassville
ED_000236,RS_0000001,Lana_Lana,F,7/15/1967,Beaufort
ED_000313,RS_0000008,Lana_Lana,F,12/17/1975,Shawnee Mission
ED_000809,RS_0000010,Lance_Lance,M,9/22/1979,Lamar
ED_000151,RS_0000006,Larry_Larry,M,12/1/1970,Pliny
ED_000300,RS_0000001,Larry_Larry,M,9/14/1993,San Augustine
ED_000800,RS_0000002,Lauren_Lauren,F,12/6/1977,Reserve
ED_000620,RS_0000013,Laurence_Laurence,M,10/3/1989,Norvelt
ED_000393,RS_0000001,Lavern_Lavern,M,10/19/1971,Richmond
ED_000521,RS_0000008,Lavonne_Lavonne,F,11/24/1969,Westhoff
ED_000798,RS_0000010,Lawanda_Lawanda,F,7/29/1973,Garrard
ED_000202,RS_0000006,Leann_Leann,F,2/16/1990,Neelyton
ED_000259,RS_0000004,Leann_Leann,F,4/11/1973,Woodbridge
ED_000178,RS_0000007,Leanne_Leanne,F,11/1/1964,Brookton
ED_000204,RS_0000015,Leanne_Leanne,F,1/25/1989,Cordova
ED_000892,RS_0000003,Lee_Lee,M,10/2/1976,Dallas
ED_000888,RS_0000014,Leigh_Leigh,F,7/18/1987,Cedarburg
ED_000580,RS_0000011,Lelia_Lelia,F,5/5/1980,Millersburg
ED_000046,RS_0000012,Lemuel_Lemuel,M,7/6/1985,Listie
ED_000876,RS_0000002,Lemuel_Lemuel,M,1/22/1979,Grandview
ED_000757,RS_0000013,Lenard_Lenard,M,4/6/1976,Lawson
ED_000902,RS_0000001,Lenard_Lenard,M,6/2/1981,Bahama
ED_000718,RS_0000003,Leon_Leon,M,11/5/1986,Meadowlands
ED_000420,RS_0000017,Leonardo_Leonardo,M,1/24/1974,Macon
ED_000132,RS_0000015,Leonel_Leonel,M,11/7/1996,Isaban
ED_000854,RS_0000003,Leonel_Leonel,M,5/5/1992,Zephyrhills
ED_000917,RS_0000014,Leopoldo_Leopoldo,M,10/25/1986,Old Glory
ED_000390,RS_0000011,Les_Les,M,6/7/1990,Tacoma
ED_000049,RS_0000012,Lesa_Lesa,F,2/13/1981,Terre Haute
ED_000308,RS_0000002,Lesley_Lesley,F,2/3/1995,Nuevo
ED_000221,RS_0000013,Lewis_Lewis,M,1/11/1958,Hope
ED_000348,RS_0000001,Lewis_Lewis,M,11/29/1992,Lexington
ED_000881,RS_0000008,Lidia_Lidia,F,6/9/1993,Litchfield
ED_000402,RS_0000010,Lilia_Lilia,F,7/6/1980,Aromas
ED_000981,RS_0000006,Lilian_Lilian,F,6/23/1996,Neptune Beach
ED_000783,RS_0000001,Liliana_Liliana,F,9/18/1984,Pittsburgh
ED_000354,RS_0000002,Lillian_Lillian,F,2/25/1993,Clipper Mills
ED_000371,RS_0000013,Lillian_Lillian,F,7/28/1970,Claunch
ED_000822,RS_0000001,Lina_Lina,F,2/17/1981,Kent
ED_000602,RS_0000008,Lindsey_Lindsey,M,11/26/1978,Winston Salem
ED_000051,RS_0000010,Liz_Liz,F,3/15/1986,Amherst
ED_000469,RS_0000006,Liz_Liz,F,2/9/1991,Los Angeles
ED_000671,RS_0000004,Lon_Lon,M,5/8/1988,Hyattsville
ED_000988,RS_0000007,Lon_Lon,M,4/24/1994,Shawnee Mission
ED_000586,RS_0000015,Lonnie_Lonnie,M,12/5/1968,Missouri City
ED_000777,RS_0000003,Lora_Lora,F,1/9/1977,Fort Lauderdale
ED_000380,RS_0000014,Loretta_Loretta,F,1/23/1996,Nerinx
ED_000279,RS_0000011,Lorna_Lorna,F,9/6/1989,Scranton
ED_000338,RS_0000012,Lorrie_Lorrie,F,12/1/1968,San Bernardino
ED_000603,RS_0000002,Lorrie_Lorrie,F,10/27/1972,Montara
ED_000939,RS_0000013,Lorrie_Lorrie,F,1/16/1995,Helen
ED_000546,RS_0000001,Lou_Lou,F,10/29/1989,Sheyenne
ED_000245,RS_0000008,Louella_Louella,F,2/19/1966,Phoenix
ED_000675,RS_0000010,Louisa_Louisa,F,11/6/1987,Short Creek
ED_000804,RS_0000006,Louisa_Louisa,F,2/28/1979,Big Bend National Park
ED_000806,RS_0000001,Louisa_Louisa,F,5/12/1978,Whittier
ED_000541,RS_0000002,Lourdes_Lourdes,F,5/27/1968,Catalina
ED_000098,RS_0000013,Lowell_Lowell,M,2/9/1982,Potter
ED_000281,RS_0000001,Luann_Luann,F,3/26/1977,Phoenix
ED_000212,RS_0000008,Luciano_Luciano,M,10/19/1991,Little Rock
ED_000404,RS_0000010,Luciano_Luciano,M,4/23/1994,Geneseo
ED_000211,RS_0000006,Lucile_Lucile,F,12/13/1966,Cabot
ED_000813,RS_0000004,Lucinda_Lucinda,F,11/15/1983,Bedford
ED_000890,RS_0000007,Lucy_Lucy,F,5/24/1976,Gaston
ED_000967,RS_0000015,Luisa_Luisa,F,6/5/1963,Wichita
ED_000331,RS_0000003,Luke_Luke,M,8/25/1984,Harned
ED_000997,RS_0000014,Luke_Luke,M,12/2/1987,Freeport
ED_000185,RS_0000011,Luther_Luther,M,3/31/1992,Winthrop Harbor
ED_000510,RS_0000012,Luther_Luther,M,1/28/1980,Cuthbert
ED_000869,RS_0000002,Luther_Luther,M,6/13/1993,Reynoldsburg
ED_000206,RS_0000013,Luz_Luz,F,6/7/1961,Charleston
ED_000627,RS_0000001,Lydia_Lydia,F,1/7/1972,Crystal
ED_000910,RS_0000006,Lyman_Lyman,M,10/4/1990,Fryeburg
ED_000040,RS_0000004,Lynn_Lynn,F,8/14/1962,Castleton
ED_000697,RS_0000007,Lynn_Lynn,M,3/19/1989,Neoga
ED_000640,RS_0000015,Lynne_Lynne,F,3/30/1988,South Colby
ED_000941,RS_0000003,Mac_Mac,M,5/2/1979,North Kingstown
ED_000930,RS_0000014,Mack_Mack,M,5/15/1993,Pleasanton
ED_000010,RS_0000011,Madge_Madge,F,2/10/1981,Springfield
ED_000841,RS_0000012,Mae_Mae,F,8/7/1988,Scotland
ED_000735,RS_0000002,Mai_Mai,F,4/11/1984,Beatty
ED_000484,RS_0000013,Major_Major,M,9/11/1982,Salters
ED_000803,RS_0000001,Mallory_Mallory,F,1/22/1970,Fort Wayne
ED_000096,RS_0000003,Manuel_Manuel,M,7/16/1983,Peabody
ED_000572,RS_0000017,Manuel_Manuel,M,10/25/1958,Cyclone
ED_000904,RS_0000015,Manuela_Manuela,F,12/13/1967,Loraine
ED_000310,RS_0000003,Marc_Marc,M,2/20/1970,East Hickory
ED_000530,RS_0000014,Marc_Marc,M,7/21/1982,Robert Lee
ED_000033,RS_0000011,Marcelino_Marcelino,M,1/26/1996,Little Rock
ED_000900,RS_0000012,Marcelino_Marcelino,M,7/25/1962,Benton
ED_000357,RS_0000002,Marci_Marci,F,5/31/1966,Bowling Green
ED_000035,RS_0000013,Marcia_Marcia,F,7/24/1966,Victoria
ED_000877,RS_0000001,Marcie_Marcie,F,10/22/1994,Monticello
ED_000038,RS_0000008,Marcus_Marcus,M,5/7/1977,Bellerose
ED_000135,RS_0000010,Margaret_Margaret,F,5/10/1971,Plant City
ED_000438,RS_0000006,Margie_Margie,F,4/13/1979,Port Washington
ED_000599,RS_0000001,Margie_Margie,F,4/11/1974,Corpus Christi
ED_000335,RS_0000002,Margo_Margo,F,5/14/1985,Crouseville
ED_000506,RS_0000013,Margo_Margo,F,1/26/1970,Madison
ED_000651,RS_0000001,Maria_Maria,F,10/5/1986,Karns City
ED_000765,RS_0000008,Mariana_Mariana,F,3/25/1961,Paisley
ED_000470,RS_0000010,Mariano_Mariano,M,2/8/1959,Ellamore
ED_000499,RS_0000006,Marietta_Marietta,F,3/25/1971,Prescott
ED_000392,RS_0000004,Marissa_Marissa,F,3/10/1979,Atlanta
ED_000411,RS_0000007,Marissa_Marissa,F,7/13/1958,Davenport
ED_000999,RS_0000015,Maritza_Maritza,F,5/19/1987,Stamford
ED_000076,RS_0000015,Marjorie_Marjorie,F,9/14/1961,Baldwin City
ED_000851,RS_0000009,Marlon_Marlon,M,10/4/1982,Dallas City
ED_000130,RS_0000005,Marquis_Marquis,M,11/30/1984,Manchester
ED_000022,RS_0000016,Marta_Marta,F,2/17/1971,Hoquiam
ED_000683,RS_0000014,Martha_Martha,F,2/11/1982,San Juan Capistrano
ED_000140,RS_0000011,Martin_Martin,M,9/14/1974,Centre
ED_000844,RS_0000012,Marva_Marva,F,3/4/1974,Hoffman Estates
ED_000862,RS_0000002,Marva_Marva,F,10/27/1988,Bellaire
ED_000495,RS_0000013,Maryann_Maryann,F,2/11/1971,Chunky
ED_000053,RS_0000001,Maryellen_Maryellen,F,3/10/1975,Tuckerman
ED_000014,RS_0000008,Mathew_Mathew,M,5/7/1995,Van Nuys
ED_000329,RS_0000010,Mathew_Mathew,M,6/9/1993,Millville
ED_000347,RS_0000006,Mathew_Mathew,M,1/17/1993,Ramona
ED_000641,RS_0000004,Maude_Maude,F,11/28/1965,Westfield
ED_000292,RS_0000007,Maura_Maura,F,3/5/1970,Fairfield
ED_000731,RS_0000017,Maura_Maura,F,8/17/1963,Columbus
ED_000264,RS_0000015,Mauricio_Mauricio,M,8/31/1986,Lawrence
ED_000712,RS_0000003,Mauro_Mauro,M,11/23/1988,Charlotte
ED_000966,RS_0000014,Mauro_Mauro,M,9/6/1982,Memphis
ED_000638,RS_0000011,Max_Max,M,8/19/1960,Preston
ED_000302,RS_0000012,Maxine_Maxine,F,4/27/1968,Hogansburg
ED_000285,RS_0000002,May_May,F,1/22/1975,Leslie
ED_000576,RS_0000013,Mayra_Mayra,F,4/22/1972,San Diego
ED_000857,RS_0000001,Megan_Megan,F,1/19/1996,Bunkie
ED_000295,RS_0000008,Melanie_Melanie,F,9/6/1970,La Puente
ED_000007,RS_0000010,Melinda_Melinda,F,9/15/1984,Stowell
ED_000624,RS_0000006,Melva_Melva,F,12/3/1978,Represa
ED_000618,RS_0000001,Mercedes_Mercedes,F,5/29/1964,Fall River Mills
ED_000443,RS_0000008,Merle_Merle,M,11/14/1977,Maple Plain
ED_000762,RS_0000010,Merle_Merle,M,7/23/1965,White House
ED_000398,RS_0000006,Merlin_Merlin,M,1/1/1991,Fawn Grove
ED_000790,RS_0000004,Merlin_Merlin,M,11/14/1970,Hambleton
ED_000706,RS_0000007,Mia_Mia,F,6/20/1989,Show Low
ED_000296,RS_0000017,Micah_Micah,M,10/25/1983,Lyoth
ED_000652,RS_0000015,Michael_Michael,F,9/2/1972,Cleveland
ED_000055,RS_0000003,Micheal_Micheal,M,8/12/1986,Arlington
ED_000224,RS_0000017,Michel_Michel,M,6/26/1986,Mascotte
ED_000072,RS_0000015,Miguel_Miguel,M,6/7/1980,Kingfisher
ED_000339,RS_0000003,Miles_Miles,M,3/8/1976,Indianapolis
ED_000754,RS_0000014,Miles_Miles,M,10/29/1963,Denver
ED_000843,RS_0000011,Milford_Milford,M,10/26/1965,Garden Valley
ED_000874,RS_0000012,Milton_Milton,M,4/12/1971,Cropseyville
ED_000369,RS_0000002,Minnie_Minnie,F,8/26/1995,Swanton
ED_000079,RS_0000013,Miriam_Miriam,F,6/25/1990,Brady
ED_000223,RS_0000001,Mitzi_Mitzi,F,8/29/1960,Jamesville
ED_000353,RS_0000008,Mitzi_Mitzi,F,3/3/1967,Rockland
ED_000613,RS_0000010,Mohamed_Mohamed,M,3/24/1959,Dallas
ED_000614,RS_0000006,Mohammad_Mohammad,M,11/28/1975,Spur
ED_000913,RS_0000001,Moises_Moises,M,6/5/1964,San Francisco
ED_000345,RS_0000002,Molly_Molly,F,10/21/1966,Fairwater
ED_000396,RS_0000013,Molly_Molly,F,11/6/1962,Russell Springs
ED_000270,RS_0000001,Monique_Monique,F,9/4/1990,Cardington
ED_000208,RS_0000008,Monroe_Monroe,M,10/18/1987,Norwood
ED_000884,RS_0000010,Monte_Monte,M,5/14/1975,Wallula
ED_000358,RS_0000006,Monty_Monty,M,3/18/1960,Sedley
ED_000255,RS_0000004,Morgan_Morgan,M,4/17/1989,Hartline
ED_000187,RS_0000007,Morton_Morton,M,8/22/1960,Kenton
ED_000269,RS_0000015,Moses_Moses,M,12/22/1964,Orlando
ED_000823,RS_0000003,Myles_Myles,M,3/2/1983,Irwin
ED_000509,RS_0000014,Myra_Myra,F,11/2/1990,Shepherdsville
ED_000787,RS_0000011,Myrtle_Myrtle,F,10/10/1990,Anderson
ED_000855,RS_0000012,Nadia_Nadia,F,7/20/1979,Tiplersville
ED_000367,RS_0000002,Nadine_Nadine,F,3/14/1978,Los Molinos
ED_000110,RS_0000013,Nancy_Nancy,F,4/26/1980,Cypress
ED_000508,RS_0000001,Nanette_Nanette,F,5/13/1963,Terra Bella
ED_000826,RS_0000008,Nannie_Nannie,F,5/19/1976,Mountain Home
ED_000725,RS_0000010,Naomi_Naomi,F,5/14/1973,Greensboro
ED_000463,RS_0000006,Natalie_Natalie,F,12/24/1973,Washington
ED_000779,RS_0000001,Natalie_Natalie,F,6/7/1972,South Bend
ED_000002,RS_0000002,Nathaniel_Nathaniel,M,10/31/1993,Irons
ED_000531,RS_0000013,Nathaniel_Nathaniel,M,2/11/1967,Covel
ED_000082,RS_0000001,Neil_Neil,M,9/17/1985,Milton
ED_000413,RS_0000015,Nelda_Nelda,F,1/16/1986,Columbus
ED_000095,RS_0000009,Nelson_Nelson,M,8/17/1975,Glen Saint Mary
ED_000384,RS_0000005,Nelson_Nelson,M,12/12/1961,Fort Smith
ED_000399,RS_0000016,Nelson_Nelson,M,2/6/1967,California
ED_000352,RS_0000014,Nestor_Nestor,M,5/6/1975,Warsaw
ED_000416,RS_0000011,Nestor_Nestor,M,5/4/1979,Clarksville
ED_000500,RS_0000012,Nettie_Nettie,F,6/26/1979,Columbus
ED_000121,RS_0000002,Nicholas_Nicholas,M,4/2/1992,Pomona
ED_000083,RS_0000013,Nichole_Nichole,F,11/30/1957,Bangor
ED_000275,RS_0000001,Nichole_Nichole,F,4/23/1986,Wichita
ED_000314,RS_0000008,Nick_Nick,M,11/18/1976,Glen Ellyn
ED_000088,RS_0000010,Nickolas_Nickolas,M,6/23/1985,Hanna
ED_000838,RS_0000006,Nicole_Nicole,F,1/2/1964,Garland
ED_000746,RS_0000004,Nikki_Nikki,F,10/14/1989,Suitland
ED_000703,RS_0000007,Nita_Nita,F,2/2/1986,Laporte
ED_000525,RS_0000017,Noe_Noe,M,3/22/1975,Solon Mills
ED_000323,RS_0000015,Noelle_Noelle,F,1/2/1964,Crocker
ED_000315,RS_0000003,Nona_Nona,F,9/6/1988,Odessa
ED_000093,RS_0000014,Nora_Nora,F,11/13/1982,Woolstock
ED_000304,RS_0000011,Norbert_Norbert,M,4/18/1966,Schuyler
ED_000328,RS_0000012,Noreen_Noreen,F,9/15/1994,Fisty
ED_000768,RS_0000002,Noreen_Noreen,F,11/23/1960,Iota
ED_000359,RS_0000013,Norris_Norris,M,10/21/1993,Georgetown
ED_000387,RS_0000001,Norris_Norris,M,9/18/1983,Erving
ED_000747,RS_0000008,Norris_Norris,M,8/29/1985,Natrona
ED_000477,RS_0000010,Odell_Odell,M,10/20/1980,Twin Lakes
ED_000516,RS_0000006,Ofelia_Ofelia,F,5/14/1974,Taftville
ED_000819,RS_0000001,Ofelia_Ofelia,F,2/27/1990,Sugartown
ED_000244,RS_0000008,Ola_Ola,F,8/28/1970,Dayton
ED_000596,RS_0000010,Ola_Ola,F,2/12/1979,Redlands
ED_000993,RS_0000006,Olin_Olin,M,6/6/1991,Carleton
ED_000381,RS_0000004,Olive_Olive,F,9/2/1981,Alba
ED_000365,RS_0000007,Ollie_Ollie,F,10/19/1979,Gillett
ED_000769,RS_0000017,Ollie_Ollie,M,1/26/1984,Melrose
ED_000288,RS_0000015,Opal_Opal,F,1/11/1977,South Ryegate
ED_000164,RS_0000003,Ophelia_Ophelia,F,2/2/1972,Scottsdale
ED_000987,RS_0000017,Ophelia_Ophelia,F,11/1/1986,Kingsland
ED_000740,RS_0000015,Orlando_Orlando,M,5/4/1973,Burlington
ED_000457,RS_0000003,Owen_Owen,M,10/11/1976,Joplin
ED_000590,RS_0000014,Pam_Pam,F,1/20/1967,Stockton
ED_000582,RS_0000011,Pansy_Pansy,F,1/19/1973,Hershey
ED_000710,RS_0000012,Pasquale_Pasquale,M,12/15/1960,Reform
ED_000879,RS_0000002,Patrice_Patrice,F,5/19/1995,Shafter
ED_000074,RS_0000013,Patricia_Patricia,F,11/13/1975,Easton
ED_000067,RS_0000001,Patsy_Patsy,F,7/15/1984,Atlanta
ED_000653,RS_0000008,Paula_Paula,F,11/15/1995,Los Angeles
ED_000250,RS_0000010,Pauline_Pauline,F,5/7/1996,Niotaze
ED_000666,RS_0000006,Pearlie_Pearlie,F,9/7/1987,Hampton
ED_000240,RS_0000001,Percy_Percy,M,12/13/1970,Hasse
ED_000971,RS_0000002,Phil_Phil,M,11/13/1991,Dayton
ED_000781,RS_0000013,Philip_Philip,M,11/25/1987,Pleasant Valley
ED_001000,RS_0000001,Phyllis_Phyllis,F,2/11/1957,Meno
ED_000474,RS_0000008,Preston_Preston,M,3/21/1968,Gideon
ED_000523,RS_0000010,Preston_Preston,M,10/30/1961,Rudyard
ED_000039,RS_0000006,Priscilla_Priscilla,F,4/9/1985,Fairview
ED_000168,RS_0000004,Quentin_Quentin,M,3/21/1980,Chippewa Falls
ED_000578,RS_0000007,Quentin_Quentin,M,5/8/1978,Donaldson
ED_000486,RS_0000015,Rachael_Rachael,F,12/6/1960,Houston
ED_000408,RS_0000003,Rachelle_Rachelle,F,11/27/1977,El Paso
ED_000689,RS_0000014,Rae_Rae,F,1/23/1992,Saint Louis
ED_000655,RS_0000011,Ramiro_Ramiro,M,2/11/1984,Newton Center
ED_000511,RS_0000012,Ramon_Ramon,M,9/22/1990,Sterling
ED_000594,RS_0000002,Raphael_Raphael,M,8/4/1972,Elm City
ED_000318,RS_0000013,Raquel_Raquel,F,9/12/1993,Pine Island
ED_000714,RS_0000001,Raul_Raul,M,7/28/1965,Veradale
ED_000089,RS_0000008,Raymundo_Raymundo,M,4/29/1975,Toast
ED_000461,RS_0000010,Raymundo_Raymundo,M,11/27/1963,Sargeant
ED_000256,RS_0000006,Reba_Reba,F,2/4/1986,Columbia
ED_000908,RS_0000001,Reba_Reba,F,9/19/1964,Kingston
ED_000665,RS_0000002,Rebecca_Rebecca,F,6/8/1987,Asbury
ED_000427,RS_0000013,Rebekah_Rebekah,F,1/25/1973,Glen Haven
ED_000325,RS_0000001,Reggie_Reggie,M,9/17/1989,Woodward
ED_000012,RS_0000009,Reid_Reid,M,1/20/1989,Pacoima
ED_000748,RS_0000005,Reinaldo_Reinaldo,M,5/20/1981,Regent
ED_000482,RS_0000016,Rene_Rene,M,1/1/1992,Buckner
ED_000933,RS_0000014,Reva_Reva,F,12/27/1988,Lawton
ED_000522,RS_0000011,Reyna_Reyna,F,10/10/1982,Alliance
ED_000677,RS_0000012,Reyna_Reyna,F,5/22/1983,Peridot
ED_000142,RS_0000002,Reynaldo_Reynaldo,M,10/15/1965,Jamaica
ED_000633,RS_0000013,Rhea_Rhea,F,9/5/1968,Rock Rapids
ED_000050,RS_0000001,Rich_Rich,M,2/28/1989,Maysville
ED_000568,RS_0000008,Richie_Richie,M,12/10/1960,Floriston
ED_000654,RS_0000010,Rick_Rick,M,9/3/1960,Spartanburg
ED_000650,RS_0000006,Rickie_Rickie,M,8/17/1962,Mc Lean
ED_000909,RS_0000004,Rickie_Rickie,M,4/13/1990,Des Moines
ED_000119,RS_0000007,Ricky_Ricky,M,5/11/1976,Mount Hope
ED_000622,RS_0000017,Ricky_Ricky,M,6/29/1959,Hector
ED_000280,RS_0000015,Rico_Rico,M,10/6/1991,Mineral City
ED_000584,RS_0000003,Riley_Riley,M,6/11/1991,El Paso
ED_000289,RS_0000014,Robbie_Robbie,F,8/2/1993,Pascagoula
ED_000148,RS_0000011,Robby_Robby,M,3/20/1974,Metaline
ED_000200,RS_0000012,Roberto_Roberto,M,12/8/1994,Peoria
ED_000573,RS_0000002,Roberto_Roberto,M,5/24/1964,Liscomb
ED_000668,RS_0000013,Robt_Robt,M,3/24/1986,Moscow
ED_000927,RS_0000001,Rocco_Rocco,M,2/10/1964,Wolfeboro Falls
ED_000974,RS_0000008,Rochelle_Rochelle,F,10/9/1992,Pooler
ED_000293,RS_0000010,Roderick_Roderick,M,3/3/1994,Encampment
ED_000575,RS_0000006,Roderick_Roderick,M,2/27/1984,West Townsend
ED_000276,RS_0000001,Rodger_Rodger,M,10/7/1981,Sacramento
ED_000753,RS_0000008,Rodger_Rodger,M,11/25/1968,Pico Rivera
ED_000346,RS_0000010,Rogelio_Rogelio,M,3/31/1992,Vici
ED_000156,RS_0000006,Rolland_Rolland,M,5/8/1966,Jackson
ED_000043,RS_0000004,Roman_Roman,M,12/25/1962,Lampeter
ED_000916,RS_0000007,Romeo_Romeo,M,5/5/1983,Hiland
ED_000232,RS_0000017,Ron_Ron,M,6/7/1993,Galion
ED_000332,RS_0000015,Ronny_Ronny,M,10/12/1982,Thompson
ED_000106,RS_0000003,Rory_Rory,M,6/3/1976,Templeton
ED_000544,RS_0000017,Rory_Rory,M,5/9/1966,Kona
ED_000252,RS_0000015,Rosa_Rosa,F,7/4/1995,Appleton
ED_000756,RS_0000003,Rosalind_Rosalind,F,4/4/1971,Morris
ED_000466,RS_0000014,Rosanna_Rosanna,F,12/4/1972,Wolf Creek
ED_000595,RS_0000011,Rosanne_Rosanne,F,9/22/1958,White Lake
ED_000124,RS_0000012,Rosario_Rosario,F,12/20/1960,Chattahoochee
ED_000609,RS_0000002,Rosario_Rosario,F,6/25/1996,Garcia
ED_000549,RS_0000013,Roseann_Roseann,F,8/17/1976,Rochford
ED_000670,RS_0000001,Rosemary_Rosemary,F,9/24/1983,Scarsdale
ED_000362,RS_0000008,Rosendo_Rosendo,M,10/26/1978,Ripley
ED_000958,RS_0000010,Rosetta_Rosetta,F,3/4/1993,Morganton
ED_000496,RS_0000006,Roxie_Roxie,F,10/14/1989,Piney Fork
ED_000036,RS_0000001,Rudolph_Rudolph,M,4/28/1979,Shinnston
ED_000042,RS_0000002,Rufus_Rufus,M,12/25/1967,Adams Basin
ED_000616,RS_0000013,Rusty_Rusty,M,3/29/1980,Ferris
ED_000678,RS_0000001,Rusty_Rusty,M,9/8/1979,Churchs Ferry
ED_000191,RS_0000008,Sabrina_Sabrina,F,3/1/1982,Duncan
ED_000512,RS_0000010,Sallie_Sallie,F,11/8/1962,Covington
ED_000125,RS_0000006,Salvador_Salvador,M,2/27/1994,Huddy
ED_000174,RS_0000004,Salvador_Salvador,M,7/4/1969,Riverdale
ED_000821,RS_0000007,Sam_Sam,M,2/16/1960,Mira
ED_000570,RS_0000015,Sammy_Sammy,M,2/26/1985,Seminole
ED_000501,RS_0000003,Sandy_Sandy,M,7/21/1989,Franklin
ED_000751,RS_0000014,Sasha_Sasha,F,5/6/1980,Manassas
ED_000155,RS_0000011,Scot_Scot,M,7/31/1980,Pocahontas
ED_000705,RS_0000012,Scot_Scot,M,5/22/1966,Watsontown
ED_000031,RS_0000002,Scott_Scott,M,8/24/1990,Bairoil
ED_000261,RS_0000013,Scott_Scott,M,1/15/1970,Rockford
ED_000700,RS_0000001,Scotty_Scotty,M,4/25/1973,Austin
ED_000319,RS_0000008,Sean_Sean,M,8/17/1962,Corona
ED_000451,RS_0000010,Selma_Selma,F,9/30/1993,Union City
ED_000494,RS_0000006,Serena_Serena,F,1/11/1980,Curtis Bay
ED_000257,RS_0000001,Shana_Shana,F,7/20/1973,Edward
ED_000817,RS_0000002,Shane_Shane,M,7/6/1982,Leo
ED_000008,RS_0000013,Shanna_Shanna,F,6/19/1958,Herndon
ED_000231,RS_0000009,Shannon_Shannon,F,3/11/1961,Durham
ED_000552,RS_0000005,Shannon_Shannon,F,12/17/1987,North Pole
ED_000631,RS_0000016,Shannon_Shannon,F,1/27/1960,Glenville
ED_000283,RS_0000014,Shaun_Shaun,M,2/4/1969,Kansas City
ED_000434,RS_0000011,Shawn_Shawn,M,4/12/1978,Manhattan Beach
ED_000001,RS_0000012,Shawna_Shawna,F,12/12/1971,Las Vegas
ED_000775,RS_0000002,Shelia_Shelia,F,8/15/1974,Central
ED_000517,RS_0000013,Shelton_Shelton,M,4/20/1986,Klemme
ED_000711,RS_0000001,Sheri_Sheri,F,6/12/1981,Cedar Rapids
ED_000990,RS_0000008,Sheri_Sheri,F,7/1/1982,Gallagher
ED_000143,RS_0000010,Sherri_Sherri,F,5/30/1991,Saint Louis
ED_000513,RS_0000006,Shirley_Shirley,F,4/8/1977,Garden Grove
ED_000538,RS_0000004,Shirley_Shirley,F,6/24/1959,Martha
ED_000621,RS_0000007,Shirley_Shirley,F,1/31/1986,Scandia
ED_000334,RS_0000017,Silvia_Silvia,F,12/2/1974,Fort Worth
ED_000733,RS_0000015,Silvia_Silvia,F,3/25/1966,Islip Terrace
ED_000828,RS_0000003,Sondra_Sondra,F,4/18/1993,Harveyville
ED_000883,RS_0000014,Sondra_Sondra,F,11/11/1976,Boonville
ED_000150,RS_0000011,Sonia_Sonia,F,3/7/1965,Pearisburg
ED_000497,RS_0000012,Sonny_Sonny,M,11/19/1969,Cincinnati
ED_000928,RS_0000002,Sonny_Sonny,M,10/27/1961,Maxwell
ED_000799,RS_0000013,Sophia_Sophia,F,11/2/1986,Midland City
ED_000226,RS_0000001,Sophie_Sophie,F,1/16/1990,Mears
ED_000925,RS_0000008,Spencer_Spencer,M,9/8/1977,Des Arc
ED_000717,RS_0000010,Stacey_Stacey,M,3/26/1966,Thorp
ED_000105,RS_0000006,Stacy_Stacy,M,6/6/1980,Enterprise
ED_000248,RS_0000001,Stacy_Stacy,M,5/27/1963,Peoria
ED_000254,RS_0000008,Stanley_Stanley,M,7/9/1986,Jolo
ED_000994,RS_0000010,Stefan_Stefan,M,9/26/1983,Fredericksburg
ED_000956,RS_0000006,Stella_Stella,F,10/13/1979,Dallas
ED_000425,RS_0000004,Stephen_Stephen,M,6/13/1990,Jersey City
ED_000262,RS_0000007,Sterling_Sterling,M,9/19/1962,Saint Anne
ED_000342,RS_0000017,Sterling_Sterling,M,2/15/1966,Burton
ED_000567,RS_0000015,Susan_Susan,F,11/12/1968,Boalsburg
ED_000243,RS_0000003,Susanna_Susanna,F,9/7/1970,Springdale
ED_000849,RS_0000017,Susanne_Susanne,F,12/25/1963,Ladoga
ED_000726,RS_0000015,Sydney_Sydney,M,7/3/1992,Bray
ED_000321,RS_0000003,Sylvester_Sylvester,M,9/25/1987,Sarasota
ED_000102,RS_0000014,Tabatha_Tabatha,F,9/6/1966,Steelville
ED_000193,RS_0000011,Tabatha_Tabatha,F,7/29/1976,Bagdad
ED_000785,RS_0000012,Tabitha_Tabitha,F,3/5/1961,Terrell
ED_000581,RS_0000002,Tad_Tad,M,7/5/1977,North Port
ED_000592,RS_0000013,Tamara_Tamara,F,4/25/1976,Essington
ED_000478,RS_0000001,Tameka_Tameka,F,8/30/1983,Glyndon
ED_000423,RS_0000008,Tami_Tami,F,12/18/1992,Dayton
ED_000663,RS_0000010,Tamika_Tamika,F,10/5/1973,Milwaukee
ED_000272,RS_0000006,Tammy_Tammy,F,7/13/1960,Dongola
ED_000537,RS_0000001,Tammy_Tammy,F,4/14/1980,Ottoville
ED_000853,RS_0000002,Tania_Tania,F,3/4/1960,Lehigh Acres
ED_000644,RS_0000013,Tanisha_Tanisha,F,11/12/1977,Osgood
ED_000062,RS_0000001,Tanner_Tanner,M,8/4/1968,Michigan City
ED_000091,RS_0000008,Tanner_Tanner,M,9/24/1976,Anchorage
ED_000024,RS_0000010,Tara_Tara,F,6/26/1976,Sheldon
ED_000115,RS_0000006,Tara_Tara,F,1/29/1971,Zephyrhills
ED_000282,RS_0000004,Tara_Tara,F,7/23/1968,Glenmoore
ED_000219,RS_0000007,Taylor_Taylor,F,4/2/1965,Sentinel
ED_000133,RS_0000015,Teddy_Teddy,M,10/6/1977,Timblin
ED_000175,RS_0000003,Terence_Terence,M,9/15/1976,Montevallo
ED_000832,RS_0000014,Terence_Terence,M,7/24/1995,Tacoma
ED_000610,RS_0000011,Teresa_Teresa,F,2/8/1986,Allenhurst
ED_000975,RS_0000012,Terra_Terra,F,1/7/1973,Youngstown
ED_000829,RS_0000002,Terrance_Terrance,M,2/11/1984,Junction City
ED_000600,RS_0000013,Terrell_Terrell,M,4/27/1970,Crouseville
ED_000415,RS_0000001,Terri_Terri,F,11/23/1975,Copper City
ED_000041,RS_0000008,Tessa_Tessa,F,7/12/1957,Austinville
ED_000464,RS_0000010,Thad_Thad,M,2/24/1994,Baxter
ED_000831,RS_0000006,Thad_Thad,M,2/22/1969,Tinley Park
ED_000979,RS_0000001,Theodore_Theodore,M,12/17/1994,Opheim
ED_000448,RS_0000002,Theresa_Theresa,F,2/27/1959,Sonnette
ED_000432,RS_0000013,Theron_Theron,M,3/15/1995,Orange
ED_000045,RS_0000001,Thurman_Thurman,M,1/27/1996,Eddyville
ED_000459,RS_0000009,Thurman_Thurman,M,4/14/1969,Oakville
ED_000792,RS_0000005,Tina_Tina,F,12/3/1970,Beulah
ED_000018,RS_0000016,Tod_Tod,M,6/21/1987,Patuxent River
ED_000388,RS_0000014,Tom_Tom,M,9/4/1976,Deridder
ED_000157,RS_0000011,Tommie_Tommie,F,6/6/1974,Wedowee
ED_000984,RS_0000012,Tommie_Tommie,M,12/7/1977,Alma
ED_000017,RS_0000002,Tonia_Tonia,F,4/19/1985,Friant
ED_000901,RS_0000013,Tony_Tony,M,5/29/1971,Garden Grove
ED_000847,RS_0000001,Tonya_Tonya,F,6/13/1982,Ravenna
ED_000350,RS_0000008,Tracie_Tracie,F,5/31/1973,The Villages
ED_000429,RS_0000010,Tracie_Tracie,F,11/5/1982,North Bergen
ED_000634,RS_0000006,Tracy_Tracy,M,7/6/1989,Numidia
ED_000591,RS_0000004,Trevor_Trevor,M,9/9/1982,Clifton
ED_000401,RS_0000007,Trisha_Trisha,F,6/13/1975,Niverville
ED_000852,RS_0000017,Trudy_Trudy,F,5/6/1960,Currie
ED_000504,RS_0000015,Tyler_Tyler,M,4/23/1968,Hattiesburg
ED_000111,RS_0000003,Tyrone_Tyrone,M,7/4/1973,Driftwood
ED_000179,RS_0000014,Valentin_Valentin,M,7/11/1965,Kingston
ED_000376,RS_0000011,Vance_Vance,M,9/11/1972,Independence
ED_000431,RS_0000012,Vernon_Vernon,M,6/10/1962,Hallstead
ED_000861,RS_0000002,Vernon_Vernon,M,12/17/1993,Meers
ED_000931,RS_0000013,Vicky_Vicky,F,6/4/1992,Colebrook
ED_000309,RS_0000001,Victoria_Victoria,F,9/2/1968,Toledo
ED_000739,RS_0000008,Vincent_Vincent,M,7/19/1983,Charlotte
ED_000836,RS_0000010,Violet_Violet,F,6/25/1959,Tionesta
ED_000077,RS_0000006,Vivian_Vivian,F,9/2/1960,Hampden Sydney
ED_000719,RS_0000001,Vonda_Vonda,F,9/7/1972,Oakland
ED_000068,RS_0000008,Waldo_Waldo,M,11/29/1970,Wooton
ED_000983,RS_0000010,Waldo_Waldo,M,1/26/1973,Clayton
ED_000872,RS_0000006,Walter_Walter,M,4/21/1992,Gainesville
ED_000694,RS_0000004,Wanda_Wanda,F,4/15/1965,Albany
ED_000969,RS_0000007,Weldon_Weldon,M,2/18/1974,San Antonio
ED_000301,RS_0000017,Wilbur_Wilbur,M,7/27/1989,West Copake
ED_000635,RS_0000015,Wilburn_Wilburn,M,11/25/1972,Brussels
ED_000737,RS_0000003,Wilburn_Wilburn,M,12/13/1977,North Turner
ED_000467,RS_0000017,Wilda_Wilda,F,4/11/1986,Sebago
ED_000696,RS_0000015,Wilfred_Wilfred,M,3/13/1974,East Dennis
ED_000406,RS_0000003,Wilfredo_Wilfredo,M,12/13/1960,Randall
ED_000932,RS_0000014,Willa_Willa,F,1/11/1965,Gaylord
ED_000375,RS_0000011,William_William,M,3/30/1967,Longdale
ED_000534,RS_0000012,Willie_Willie,M,9/1/1962,Desoto
ED_000136,RS_0000002,Willis_Willis,M,7/27/1979,Freeman
ED_000574,RS_0000013,Wilma_Wilma,F,7/31/1963,Elk Creek
ED_000758,RS_0000001,Wilson_Wilson,M,10/17/1990,Wilmington
ED_000493,RS_0000008,Winston_Winston,M,11/4/1958,Napoleonville
ED_000569,RS_0000010,Winston_Winston,M,6/12/1993,Rural Retreat
ED_000368,RS_0000006,Wm_Wm,M,5/16/1987,Unionville
ED_000880,RS_0000001,Xavier_Xavier,M,10/12/1990,New York City
ED_000019,RS_0000002,Yesenia_Yesenia,F,3/29/1968,Reisterstown
ED_000630,RS_0000013,Yong_Yong,M,7/26/1982,Holland
ED_000147,RS_0000001,Yvette_Yvette,F,6/17/1996,Orviston
ED_000863,RS_0000008,Yvette_Yvette,F,5/30/1992,Highlandville
ED_000871,RS_0000010,Yvette_Yvette,F,9/11/1971,Canton Center
ED_000114,RS_0000006,Zachary_Zachary,M,11/14/1986,Fairbanks
ED_000704,RS_0000004,Zachery_Zachery,M,6/13/1971,Fort Madison
